Product ID,Variety Name,Country,Shape of tuber,Colour of skin,Colour of flesh,Depth of eyes,Smoothness of skin,Colour of base of lightsprout,Maturity,Height of plants,Frequency of berries1,Accent,NETHERLANDS,Short - oval,Cream,Light yellow,Shallow - medium,Medium,Pink,Very early to early,Short,Absent2,Accord,NETHERLANDS,Short - oval,Cream,Cream,Shallow,-,Pink,Early,Medium,Few3,Adora,-,Oval,Yellow,Light yellow,Shallow - medium,Smooth,-,First Early,-,Few4,Agria,-,Oval - long,Cream,Deep yellow,Shallow,Medium,Blue,Intermediate,-,Absent5,Almera,-,Oval - long,Cream,Light yellow,Very shallow - shallow,Smooth,Pink,Early,Medium - tall,Medium6,Alouette,AUSTRIA,Oval - long,Red,Medium yellow,Shallow,Smooth,Violet,Early Maincrop,Medium,-7,Ambassador,-,Oval - long,Yellow,Light yellow,Shallow,-,-,First Early,Medium,-8,Ambo,IRELAND,Short - oval,Red parti-coloured,Cream,Deep,Medium,Violet,Intermediate,Medium - tall,Medium9,Amora,NETHERLANDS,Oval,Yellow,-,-,-,Pink,Early Maincrop,Medium,Medium10,Amorosa,UNITED KINGDOM,Oval - long,Red,Medium yellow,Shallow,Medium,Pink,Early,-,Many11,Angelique,FRANCE,Long,Yellow,Light yellow,Very shallow - shallow,Smooth,-,First Early,-,-12,Anna,IRELAND,Oval,Cream,Cream,Shallow,Smooth,Absent,Early Maincrop,Medium - tall,Medium13,Annabelle,-,-,White,-,-,-,Pink,Very early,-,-14,Anya,UNITED KINGDOM,Oval - long,White,White,Very deep,Medium,Pink,Intermediate,-,Absent15,Apache,UNITED KINGDOM,Short - oval,Red parti-coloured,Medium yellow,Medium - deep,-,Pink,Intermediate,Medium - tall,-16,Argos,UNITED KINGDOM,Oval - long,Cream,Cream,Shallow,Smooth,Blue,Intermediate to late,Medium,Few17,Ariata,NETHERLANDS,Oval - long,Cream,Light yellow,Shallow,Medium,-,Maincrop,Medium,Few18,Arizona,-,Oval,Yellow,Light yellow,-,-,-,Early Maincrop,-,-19,Arran Banner,-,Round,Cream,Cream,Medium - deep,Smooth,Pink,Early,-,Absent20,Arran Comet,-,Oval,White,Cream,Shallow - medium,Smooth,Blue,Early,Short - medium,-21,Arran Pilot,-,Oval - long,Cream,White,Shallow - medium,Medium,Blue,Early,Medium,Few22,Arran Victory,-,Short - oval,Blue,White,Medium,Smooth,Blue,Very late,Tall,Absent23,Arrow,-,-,White,-,-,-,-,Very early,Short,-24,Arsenal,-,Short - oval,Yellow,Light yellow,Medium,-,Blue,Early Maincrop,Medium - tall,-25,Asparges,-,Long,Yellow,Medium yellow,Medium - deep,-,Pink,Early Maincrop,Short - medium,Few26,Asterix,UNITED KINGDOM,Oval - long,Red,Light yellow,Shallow - medium,Medium,Pink,Intermediate,-,Few27,Athlete,-,Oval,Yellow,Light yellow,Shallow,-,-,Second Early,-,-28,Atlantic,UNITED STATES,Short - oval,Cream,Cream,Shallow - medium,Medium,Pink,Intermediate,Medium,Medium29,Avalanche,-,Oval,White,White,Shallow,Smooth,Pink,Early,-,Absent30,Avondale,IRELAND,Oval,White,Cream,Shallow,Medium,Pink,Late to very late,Tall,Few31,Axona,UNITED KINGDOM,Oval - long,Red,Cream,Medium,Smooth,Pink,Very late,Medium,Few32,Ballydoon,-,Oval - long,Cream,White,Very shallow - shallow,-,Pink,Very early to early,-,Medium33,Balmoral,IRELAND,Oval - long,Red parti-coloured,Light yellow,Very shallow - shallow,Smooth,Pink,Late,-,Few34,Bambino,UNITED KINGDOM,Short - oval,White,Cream,Shallow - medium,Smooth,Absent,Late,Medium,Absent35,Banba,IRELAND,Oval - long,Yellow,Light yellow,Shallow,Medium,Pink,Early Maincrop,Medium - tall,Medium36,Barna,IRELAND,Oval - long,Red,White,Shallow,Smooth,Violet,Intermediate to late,Tall,Few37,Belle De Fontenay,-,Long,Cream,Light yellow,Shallow,Smooth,Blue,Very early,-,Absent38,Blue Belle,FRANCE,Oval,Blue parti-coloured,Medium yellow,Shallow - medium,Smooth,Blue,Intermediate,Medium - tall,Many39,Blue Danube,UNITED KINGDOM,Oval,Blue,White,Medium,Medium,Blue,Late,Tall,-40,Bonnata,NETHERLANDS,Oval,Cream,Cream,Shallow,Smooth,-,Early Maincrop,Medium,Few41,Bonnie,UNITED KINGDOM,Short - oval,Red parti-coloured,Cream,Shallow,Smooth,Pink,Late,Medium,Few42,Bounty,UNITED KINGDOM,Oval,White,Cream,Very shallow - shallow,Smooth,Pink,Intermediate,Medium,-43,Bremner,UNITED KINGDOM,Oval,White,White,Shallow,-,Pink,Early to intermediate,Medium,Few44,Bricata,NETHERLANDS,Oval - long,Cream,White,Shallow,Smooth,-,Early Maincrop,-,Few45,British Queen,-,Short - oval,Cream,Cream,Shallow - medium,Medium,Pink,Early to intermediate,-,Few46,Brooke,UNITED STATES,Round,Yellow,Medium yellow,Shallow,-,Pink,Intermediate,Medium,Absent47,Burren,IRELAND,Oval - long,Cream,Medium yellow,Shallow,Medium,Violet,Intermediate,Medium - tall,Medium48,Bute,UNITED KINGDOM,Short - oval,White,White,Shallow,-,Pink,Early Maincrop,Medium,-49,Cabaret,UNITED KINGDOM,Oval - long,White,Cream,Shallow,Smooth,Pink,Intermediate,Medium,Absent50,Caesar,UNITED KINGDOM,Oval - long,Cream,Light yellow,Very shallow - shallow,Smooth,Pink,Intermediate,Medium,Medium51,Camel,NETHERLANDS,Oval,Red,Cream,Shallow,Smooth,-,Early Maincrop,Medium,Few52,Camelot,IRELAND,Oval,Red parti-coloured,White,Shallow,Smooth,Absent,Early Maincrop,Medium,Medium53,Cammeo,-,Oval,White,Light yellow,Shallow,-,Violet,Early Maincrop,-,-54,Captain,FRANCE,Short - oval,Yellow,Light yellow,Shallow,Smooth,-,Early Maincrop,-,-55,Cara,IRELAND,Short - oval,Red parti-coloured,Cream,Shallow,Medium,Violet,Very late,Tall - very tall,Medium56,Carlingford,UNITED KINGDOM,Round,White,White,Shallow,Smooth,Violet,Early to intermediate,Short - medium,Few57,Carnaval,IRELAND,Oval,Red,Light yellow,Shallow,Medium,Pink,Maincrop,Medium - tall,Few58,Carolus,AUSTRIA,Oval,Red parti-coloured,Light yellow,Very shallow - shallow,Smooth,Violet,Maincrop,Tall,-59,Casablanca,UNITED KINGDOM,Short - oval,White,Cream,Shallow,Smooth,Pink,Very early,Short - medium,-60,Catriona,-,Oval,Blue parti-coloured,Light yellow,Shallow,Smooth,Blue,Early to intermediate,-,Absent61,Celine,UNITED KINGDOM,Oval - long,Red,Light yellow,Shallow,Smooth,Pink,Early,Medium,Absent62,Challenger,NETHERLANDS,Oval,Yellow,Light yellow,-,-,-,Early Maincrop,Medium - tall,Medium63,Charlemont,UNITED KINGDOM,Oval - long,White,Light yellow,Shallow,-,Pink,Intermediate,Medium,-64,Charlotte,AFGHANISTAN,Oval - long,Cream,Light yellow,Shallow,Smooth,Pink,Early,Medium,Few65,Charlton,UNITED KINGDOM,Short - oval,Red parti-coloured,Medium yellow,Shallow,-,Pink,Early Maincrop,Medium - tall,-66,Chaski,UNITED KINGDOM,Oval - long,Red parti-coloured,Cream,Medium,-,Pink,Late,Medium - tall,-67,Chicago,UNITED KINGDOM,Oval,Red parti-coloured,Light yellow,Very shallow - shallow,-,Pink,Late,Medium - tall,-68,Chincha,UNITED KINGDOM,Oval - long,Red parti-coloured,Light yellow,Medium - deep,-,Pink,Late,Tall,-69,Chopin,NETHERLANDS,Short - oval,Yellow,Light yellow,-,-,-,Early Maincrop,Short - medium,Absent70,Churchill,UNITED KINGDOM,Oval - long,Red parti-coloured,White,Shallow,-,Absent,Very early,Medium,-71,Claret,UNITED KINGDOM,Oval,Red,Light yellow,Shallow,Medium,Pink,Intermediate to late,Medium,Absent72,Clevna,UNITED KINGDOM,Oval - long,Red parti-coloured,Cream,Shallow,-,Pink,Intermediate,Medium - tall,Medium73,Colleen,IRELAND,Oval,Yellow,Light yellow,Shallow,Medium,Violet,Very early to early,Short - medium,Few74,Compass,NETHERLANDS,-,Yellow,-,-,-,-,Maincrop,-,-75,Constance,-,Oval,Yellow,Medium yellow,Shallow,Smooth,Violet,Early Maincrop,Tall,-76,Corolle,FRANCE,Oval,Yellow,Medium yellow,Shallow,Smooth,-,Second Early,-,-77,Cosmos,UNITED KINGDOM,Oval,Cream,Light yellow,Shallow,Medium,Pink,Intermediate,Medium,Few78,Courage,UNITED KINGDOM,Round,Red,Cream,Medium,-,Pink,Second Early,Medium,Few79,Courlan,UNITED STATES,Short - oval,White,Cream,Shallow - medium,Smooth,Pink,Early,Short,Few80,Crisps4all,NETHERLANDS,Oval,White,Light yellow,Shallow - medium,-,Pink,Intermediate,Medium - tall,-81,Cultra,IRELAND,Oval,Red parti-coloured,Light yellow,Medium,Smooth,Pink,Early to intermediate,Medium,Absent82,Daisy,FRANCE,Oval,White,Medium yellow,Shallow - medium,-,Pink,Early to intermediate,Tall,-83,Desiree,UNITED KINGDOM,Oval - long,Red,Light yellow,Medium,Medium,Pink,Intermediate,Medium,Many84,Divaa,UNITED KINGDOM,Oval - long,White,White,Shallow,-,Pink,Early,Medium,-85,Dolly,FRANCE,Round,Red,Medium yellow,Medium,-,Violet,Early Maincrop,Medium - tall,-86,Druid,IRELAND,Oval,Red,Cream,Shallow,Medium,Pink,Maincrop,Very tall,Medium87,Duke Of York,-,Oval,Cream,Light yellow,Very shallow - shallow,Medium,Pink,Very early,Short,Absent88,Dunbar Rover,-,Oval,Cream,White,Shallow,-,Pink,Early,-,Few89,Dunbar Standard,-,Oval - long,Cream,White,Shallow,Smooth,Pink,Late,Tall - very tall,Absent90,Dundrod,-,Oval,Cream,Cream,Shallow,Smooth,Pink,Very early to early,-,Absent91,Dunluce,-,Oval,Cream,Cream,Shallow,Smooth,Pink,Early,-,Absent92,Edony,FRANCE,Round,Yellow,Medium yellow,Medium,-,Blue,Maincrop,Tall,-93,Edzell Blue,-,Short - oval,Blue,Cream,-,Medium,Blue,Intermediate,-,Absent94,Electra,-,Oval,Yellow,Medium yellow,Shallow,-,-,Early Maincrop,-,-95,Elisabeth,UNITED KINGDOM,Oval - long,Yellow,Medium yellow,Deep,-,-,Very early,Short,Absent96,Elland,UNITED KINGDOM,Oval - long,White,Cream,Shallow,-,Pink,Early Maincrop,Medium - tall,-97,Ellie,FRANCE,Oval,Yellow,Light yellow,Very shallow - shallow,-,Pink,Early Maincrop,Medium,-98,Emblem,UNITED KINGDOM,Round,White,Light yellow,Shallow,-,Pink,Early,Short,-99,Emily,UNITED KINGDOM,-,-,-,-,-,-,-,-,-100,Emma,IRELAND,Round,Cream,Light yellow,Shallow,Smooth,Violet,First Early,Short - medium,Medium101,Epicure,-,Round,Cream,White,Deep - very deep,Medium,Pink,Very early,Short - medium,Absent102,Erntestolz,-,Short - oval,Cream,Light yellow,Medium,Medium,Pink,Early to intermediate,Tall,Absent103,Estima,-,Oval,Cream,Light yellow,Very shallow - shallow,Smooth,Pink,Early,Medium,Few104,Eurostar,NETHERLANDS,Oval,Cream,Cream,Shallow,Smooth,-,Maincrop,Tall,Medium105,Excalibur,UNITED KINGDOM,Oval,White,Cream,Shallow,-,Pink,Late,Short - medium,-106,Fambo,NETHERLANDS,Oval,Cream,Light yellow,Shallow - medium,Medium,Pink,Early,Medium,Absent107,Fandango,AUSTRIA,-,-,-,-,-,-,-,-,-108,Fianna,NETHERLANDS,Oval,Cream,White,Shallow,Smooth,Pink,Intermediate,-,Few109,Fontane,-,Oval,White,Medium yellow,Shallow - medium,Medium,Blue,Intermediate,Medium - tall,Medium110,Foremost,-,Short - oval,White,Cream,Shallow - medium,-,Pink,First Early,Short - medium,-111,Gabriel,-,Round,White,White,Deep,-,Blue,Intermediate,Tall,Many112,Gael,UNITED KINGDOM,Oval,Yellow,Medium yellow,Shallow,Smooth,Blue,Late,Medium,Few113,Galactica,IRELAND,Oval - long,Red parti-coloured,Light yellow,Shallow - medium,-,Pink,Early Maincrop,Medium - tall,Few114,Gatsby,UNITED KINGDOM,Oval - long,White,Cream,Shallow,-,Pink,Early Maincrop,Short - medium,-115,Gemson,UNITED KINGDOM,Short - oval,White,Cream,Shallow - medium,Smooth,Pink,Early,Medium,Medium116,Georgina,GERMANY,-,-,-,-,-,-,-,-,-117,Gervioline,FRANCE,Long,Blue,Cream,Shallow,-,Blue,Early,Short - medium,-118,Golden Beauty,-,Round,Yellow,Medium yellow,Very shallow - shallow,-,Blue,Maincrop,Medium,-119,Golden Nugget,UNITED KINGDOM,Short - oval,White,Cream,Very shallow - shallow,-,Pink,Late,Short,-120,Golden Sun,-,Short - oval,White,White,Shallow,-,Blue,Late Maincrop,Medium - tall,-121,Golden Wonder,-,Oval - long,Cream,Light yellow,Shallow - medium,Medium,Blue,Late to very late,Very tall,Few122,Gourmandine,-,Oval - long,Yellow,Light yellow,Very shallow - shallow,-,-,Second Early,-,-123,Gwenne,FRANCE,Long,Yellow,Medium yellow,Shallow,-,Violet,Second Early,Medium - tall,-124,Habibi,IRELAND,Oval - long,Red parti-coloured,White,Shallow,Medium,Pink,Maincrop,Medium,Medium125,Harlequin,UNITED KINGDOM,Very long,Red parti-coloured,Cream,Very shallow,-,Pink,Intermediate,Tall,Few126,Harmony,UNITED KINGDOM,Round,White,White,Shallow,Smooth,Pink,Early Maincrop,Short - medium,Absent127,Heraclea,NETHERLANDS,-,-,-,-,-,-,-,-,-128,Hermes,UNITED KINGDOM,Oval,Cream,Light yellow,Shallow - medium,Medium,Pink,Early to intermediate,Tall,Absent129,Highland Burgundy Red,-,Oval - long,Red,Parti-coloured red,Shallow - medium,Rough,-,Maincrop,Medium,-130,Home Guard,-,Short - oval,White,White,Shallow,Medium,Blue,Very early to early,Medium,Absent131,Horizon,-,Oval,Cream,White,Shallow - medium,Smooth,Pink,Intermediate,Medium,Few132,Imagine,AUSTRIA,-,-,-,-,-,-,-,-,-133,Inca Bella,UNITED KINGDOM,Oval - long,Red parti-coloured,Light yellow,Shallow,-,Pink,Late,Medium,-134,Inca Dawn,UNITED KINGDOM,Oval - long,Red parti-coloured,Deep yellow,Medium - deep,Smooth,Pink,Very late,Short,Many135,Infinity,IRELAND,Short - oval,Red,Cream,Shallow,-,-,Early Maincrop,-,-136,Innovator,NETHERLANDS,Oval - long,Russet,Light yellow,-,Rough,Absent,Second Early,-,-137,International Kidney,-,Oval - long,White,Light yellow,Shallow,Smooth,Blue,Intermediate to late,Medium,Absent138,Isle Of Jura,UNITED KINGDOM,Oval - long,White,Cream,Shallow,Smooth,Pink,Intermediate,Medium,Few139,Ivory Russet,NETHERLANDS,Long,Yellow,White,Shallow,-,Pink,Second Early,-,-140,Jaerla,-,Short - oval,Cream,Light yellow,Shallow - medium,Medium,Pink,Very early to early,-,Absent141,Jazzy,NETHERLANDS,Long,Cream,Light yellow,Shallow,Smooth,-,First Early,Medium,-142,Jelly,-,Oval,Yellow,Medium yellow,Very shallow,-,-,Maincrop,-,-143,Jester,UNITED KINGDOM,Short - oval,White,Cream,Shallow,-,Violet,Second Early,Short - medium,-144,Joshua,-,Round,White,White,Very deep,-,Blue,Late,Tall - very tall,Few145,Jubilee,-,Short - oval,White,Cream,Shallow,-,Pink,Maincrop,Medium,-146,Juliette,FRANCE,Long,Yellow,Medium yellow,Very shallow - shallow,Smooth,-,Late,-,-147,Karlena,GERMANY,Short - oval,Cream,Light yellow,Shallow,Medium,Pink,Early,Medium - tall,-148,Kelly,FRANCE,Oval - long,White,White,Shallow,Rough,-,Maincrop,-,-149,Kennebec,UNITED STATES,Oval,Cream,Cream,Shallow,Smooth,Pink,Early to intermediate,Medium,Absent150,Kerr's Pink,-,Short - oval,Red,Cream,Medium,Smooth,Pink,Maincrop,Very tall,Absent151,Kestrel,UNITED KINGDOM,Oval - long,Blue parti-coloured,Cream,Shallow - medium,Smooth,Blue,Early,Medium,Absent152,Kifli,UNITED KINGDOM,Long,White,Cream,Medium,-,Pink,Late,Medium - tall,-153,Kikko,IRELAND,Oval - long,White,Light yellow,Shallow,Smooth,Pink,Maincrop,Medium - tall,Medium154,King Edward,-,Oval - long,Red parti-coloured,Cream,Shallow - medium,Smooth,Pink,Intermediate to late,Tall,Absent155,Kingsman,UNITED KINGDOM,Short - oval,White,Medium yellow,Very shallow - shallow,-,Pink,Early Maincrop,Medium,-156,Kondor,NETHERLANDS,Oval - long,Red,Light yellow,Shallow - medium,Medium,Pink,Early to intermediate,Medium,Few157,La Strada,UNITED KINGDOM,Oval,White,White,Very shallow,-,Absent,Early Maincrop,Short - medium,-158,Lady Amarilla,NETHERLANDS,Oval - long,Yellow,Medium yellow,Shallow,Smooth,-,Early Maincrop,Medium,-159,Lady Anna,NETHERLANDS,Oval - long,Cream,Medium yellow,Shallow,Smooth,-,Maincrop,Medium,-160,Lady Balfour,UNITED KINGDOM,Oval,Red parti-coloured,White,Medium,Medium,Pink,Very late,Very tall,Absent161,Lady Christl,NETHERLANDS,Oval - long,Cream,Light yellow,Shallow,Smooth,Pink,Very early to early,Medium,Absent162,Lady Claire,NETHERLANDS,Oval,Cream,Light yellow,Shallow - medium,Smooth,Blue,Early,Medium,Absent163,Lady Jo,NETHERLANDS,-,-,-,-,-,Blue,Maincrop,Medium - tall,Absent164,Lady Olympia,NETHERLANDS,Oval - long,Cream,Medium yellow,Shallow,Medium,Blue,Early,Short - medium,Absent165,Lady Rosetta,NETHERLANDS,Round,Red,Light yellow,Shallow - medium,Medium,Pink,Early to intermediate,Medium,Absent166,Lady Valora,NETHERLANDS,Oval,White,Light yellow,Shallow - medium,-,-,Maincrop,Medium,-167,Lanorma,-,Short - oval,White,Light yellow,-,-,-,Early Maincrop,Medium - tall,Few168,Leonata,NETHERLANDS,Long,Cream,Cream,Shallow,Medium,-,Maincrop,Medium,Few169,Libertie,-,-,White,White,Shallow,-,Pink,Early Maincrop,-,-170,Linton,UNITED STATES,Short - oval,White,Cream,Shallow - medium,-,Pink,Intermediate,Medium,-171,Lionheart,UNITED KINGDOM,Long,White,Light yellow,Shallow - medium,-,Pink,Intermediate,Tall,Absent172,Lorimer,UNITED KINGDOM,Short - oval,White,Cream,Shallow,-,Blue,-,Short - medium,-173,Lulu,UNITED KINGDOM,Round,Red parti-coloured,White,Shallow,Smooth,Pink,Early,Short,Absent174,Madingley,UNITED STATES,Round,Yellow,Deep yellow,Medium,-,Pink,Early,Medium,Absent175,Majestic,-,Oval - long,White,Cream,Shallow - medium,Smooth,Pink,Intermediate to late,Medium,Few176,Malin,IRELAND,Oval - long,Red parti-coloured,Light yellow,Shallow,Smooth,Pink,Intermediate,Short - medium,Medium177,Malou,FRANCE,Short - oval,Yellow,Light yellow,Shallow,Smooth,-,Early Maincrop,-,-178,Manhattan,UNITED KINGDOM,Short - oval,White,Light yellow,Shallow,-,Pink,Early Maincrop,Medium,-179,Manitou,-,Oval - long,Red,Light yellow,Very shallow - shallow,-,-,Maincrop,-,-180,Marfona,NETHERLANDS,Short - oval,Cream,Light yellow,Shallow - medium,Medium,Pink,Early to intermediate,Medium,Absent181,Maris Bard,UNITED KINGDOM,Oval - long,Cream,White,Shallow - medium,Smooth,Pink,Early,Medium,Many182,Maris Peer,UNITED KINGDOM,Oval,Cream,Cream,Shallow - medium,Smooth,Pink,Early,Medium,Few183,Maris Piper,UNITED KINGDOM,Oval,Cream,Cream,Very shallow - shallow,Medium,Pink,Late,Tall,Many184,Maritiema,NETHERLANDS,Short - oval,White,Cream,Very shallow - shallow,-,Blue,Early to intermediate,Tall,Absent185,Markies,-,Oval,Cream,Light yellow,Shallow - medium,Medium,Blue,Late,Tall - very tall,Absent186,Marvel,-,Oval - long,Yellow,Light yellow,Shallow - medium,-,Blue,Early to intermediate,Medium - tall,Few187,Maxine,UNITED KINGDOM,Short - oval,Red,White,Very shallow - shallow,Smooth,Pink,Intermediate,Medium,Absent188,Mayan Gold,UNITED KINGDOM,Very long,Blue parti-coloured,Medium yellow,Medium,Smooth,Blue,Very late,Tall - very tall,Very many189,Mayan Queen,UNITED KINGDOM,Oval - long,Red parti-coloured,Deep yellow,Deep,-,Violet,Very late,Short,-190,Mayan Rose,-,Oval - long,Red parti-coloured,Parti-coloured red,Shallow,-,Pink,Maincrop,-,-191,Mayan Star,UNITED KINGDOM,Oval - long,Red,Parti-coloured red,Medium,-,Violet,Late,Medium,-192,Mayan Twilight,UNITED KINGDOM,Oval - long,Red parti-coloured,Parti-coloured red,Shallow - medium,-,Violet,Late,Medium - tall,-193,Melody,NETHERLANDS,Oval,Yellow,Medium yellow,Shallow,Smooth,Violet,Maincrop,Medium,Few194,Merlin,UNITED KINGDOM,Short - oval,Red parti-coloured,Cream,Medium,Medium,Pink,Intermediate to late,Tall,Absent195,Milton,UNITED STATES,Short - oval,White,Light yellow,Shallow,-,Pink,Early,Short - medium,-196,Mimi,UNITED KINGDOM,Round,Red,Light yellow,Shallow - medium,Smooth,Pink,Very early,Very short,Absent197,Mistay,UNITED KINGDOM,Short - oval,White,Cream,Shallow - medium,-,Blue,Early to intermediate,Medium,Medium198,Morene,-,Oval,Cream,Cream,Shallow,Smooth,Pink,Late,Medium,Very many199,Moulin Rouge,UNITED KINGDOM,Very long,Red,Medium yellow,Medium - deep,Smooth,Pink,Early Maincrop,Very short,Absent200,Mozart,UNITED KINGDOM,-,Red,-,-,Smooth,Pink,Early Maincrop,Medium,-201,Mustang,-,Oval,Red,Cream,-,-,-,Early Maincrop,Medium,Many202,Nadine,UNITED KINGDOM,Oval,Cream,Cream,Shallow,Smooth,Pink,Early,Short - medium,Absent203,Navan,UNITED KINGDOM,Oval,White,Cream,Shallow,Medium,Violet,Early,Medium - tall,Medium204,Nectar,IRELAND,Oval - long,Red parti-coloured,Light yellow,Shallow,Smooth,Pink,Early Maincrop,Medium,Few205,Newton,UNITED STATES,Oval - long,White,Cream,Shallow,-,Pink,Early,Short - medium,-206,Nicola,-,Oval - long,Cream,Medium yellow,Very shallow - shallow,Smooth,Pink,Intermediate,Medium,Absent207,Nieta,UNITED KINGDOM,Oval,Cream,Light yellow,Shallow,Smooth,Pink,Early to intermediate,Medium,Few208,Nitza,-,Oval,White,White,Shallow,-,Pink,Early to intermediate,Medium,Absent209,Olympus,UNITED KINGDOM,Round,White,Cream,Shallow - medium,Medium,Blue,Intermediate,Medium,Many210,Orchestra,NETHERLANDS,Oval,White,Light yellow,-,-,-,Maincrop,Short - medium,Very many211,Orla,IRELAND,Oval,Cream,Light yellow,Shallow,Smooth,Pink,Early Maincrop,Medium - tall,Few212,Orwell,UNITED STATES,Short - oval,Yellow,Light yellow,Very shallow - shallow,-,Blue,Early to intermediate,Short - medium,Absent213,Osprey,UNITED KINGDOM,Short - oval,Red parti-coloured,Cream,Medium,Medium,Pink,Early,Tall,Absent214,Panther,-,Oval - long,Yellow,Light yellow,-,-,-,Late,-,-215,Paramount,IRELAND,Short - oval,Red,White,Shallow,Smooth,Pink,Intermediate,Medium,Medium216,Paru,UNITED KINGDOM,Long,Red parti-coloured,Deep yellow,Shallow - medium,-,Absent,Late,Medium,-217,Pentland Crown,UNITED KINGDOM,Oval - long,Cream,Cream,Shallow,Medium,Pink,Intermediate to late,Medium,Absent218,Pentland Dell,UNITED KINGDOM,Oval - long,Cream,Cream,Shallow,Smooth,Pink,Intermediate to late,Medium,Many219,Pentland Ivory,UNITED KINGDOM,Oval - long,White,Cream,Shallow,Smooth,Pink,Intermediate,Medium - tall,Medium220,Pentland Javelin,UNITED KINGDOM,Short - oval,Cream,Cream,Very shallow - shallow,Smooth,Pink,Very early,Medium,Absent221,Pentland Squire,UNITED KINGDOM,Oval,White,Cream,Medium,Smooth,Pink,Intermediate,Medium - tall,Few222,Performer,AUSTRIA,Oval - long,Russet,Light yellow,Very shallow - shallow,Rough,-,Maincrop,Very tall,-223,Picasso,-,Oval,Red parti-coloured,Light yellow,Shallow - medium,Medium,Pink,Early to intermediate,Tall,Absent224,Piccolo Star,UNITED KINGDOM,-,-,-,-,-,-,Second Early,Short - medium,Few225,Pink Fir Apple,-,Very long,Red,Light yellow,Deep,-,Pink,Very late,-,Absent226,Pink Gypsy,UNITED KINGDOM,Oval - long,Red parti-coloured,White,Very shallow - shallow,-,Pink,Intermediate,Short,-227,Pioneer,UNITED KINGDOM,Oval - long,Yellow,Medium yellow,Shallow,-,Pink,Early,Short,-228,Pippa,UNITED KINGDOM,Oval - long,Red parti-coloured,Medium yellow,Medium,Medium,Pink,Late,Medium,Medium229,Pixie,UNITED KINGDOM,Short - oval,Red parti-coloured,White,Shallow - medium,Smooth,Pink,Intermediate,Tall,Medium230,Pizazz,UNITED KINGDOM,Oval,Red parti-coloured,Light yellow,Medium,-,Violet,Second Early,Short - medium,-231,Premiere,-,Oval,Cream,Light yellow,Shallow,Smooth,Pink,Very early to early,Medium,Absent232,Primura,-,Oval,Cream,Light yellow,Shallow,Smooth,Pink,Very early to early,-,Absent233,Purple Majesty,-,Oval,Blue,-,Shallow,-,Blue,Early to intermediate,Medium,Few234,Radebe,UNITED KINGDOM,Short - oval,White,Cream,Shallow,-,Pink,Maincrop,Tall,-235,Raleigh,UNITED KINGDOM,Oval,White,Cream,Shallow,-,Pink,Second Early,-,-236,Ramos,NETHERLANDS,Oval - long,Yellow,Light yellow,Shallow,Smooth,-,Early Maincrop,Medium - tall,Medium237,Ranger Russet,UNITED STATES,Oval - long,Cream,Cream,Shallow,Rough,Pink,Late,-,Absent238,Record,-,Oval,Cream,Light yellow,Medium,Rough,Blue,Early to intermediate,Medium,-239,Red Cara,IRELAND,Oval,Red,Cream,Shallow,Medium,Pink,Intermediate to late,Very tall,Many240,Red Duke Of York,-,Oval,Red,Light yellow,Very shallow - shallow,Medium,Pink,First Early,Short,Absent241,Red Emmalie,GERMANY,Long,Red,-,Shallow,-,Pink,Early to intermediate,Medium - tall,Many242,Red Pontiac,-,Short - oval,Red,Cream,Medium,Smooth,Pink,Early,Medium,Absent243,Red Robin,UNITED KINGDOM,Oval,Red,Medium yellow,Very shallow - shallow,-,Pink,Early,Short - medium,-244,Reiver,-,Short - oval,White,Light yellow,Shallow,-,Pink,Early Maincrop,-,-245,Remarka,-,Oval,Cream,Light yellow,Shallow,Smooth,Pink,Intermediate,Medium,Few246,Rembrandt,UNITED KINGDOM,Oval - long,Yellow,Medium yellow,Shallow - medium,Medium,Violet,Maincrop,Medium - tall,Few247,Revie,UNITED KINGDOM,Short - oval,Red parti-coloured,White,Shallow,-,Absent,Early Maincrop,Short,-248,Richhill,UNITED KINGDOM,Short - oval,White,Light yellow,Very shallow - shallow,-,Pink,Late,Medium - tall,-249,Robinta,UNITED KINGDOM,Oval,Red,Cream,Shallow,Smooth,Pink,Intermediate,Medium,Few250,Rock,NETHERLANDS,Oval,Yellow,Light yellow,Shallow,Smooth,-,Maincrop,Medium,-251,Rocket,UNITED KINGDOM,Round,White,White,Shallow,Smooth,Blue,Very early,Short - medium,Few252,Romano,-,Short - oval,Red,Cream,Shallow - medium,Smooth,Pink,Early,Medium,Absent253,Rooster,IRELAND,Oval,Red,Medium yellow,Shallow,Medium,Violet,Late,Medium - tall,Few254,Roscor,UNITED KINGDOM,Oval,Cream,Cream,Shallow,Smooth,Pink,Very early,Short,Absent255,Roseval,-,Oval - long,Red,Medium yellow,Very shallow - shallow,Smooth,Pink,Intermediate to late,Tall - very tall,Absent256,Royal,-,Oval,Yellow,Light yellow,-,-,-,Early Maincrop,-,-257,Royal Kidney,-,Oval - long,White,Cream,Shallow,Medium,Pink,Early to intermediate,Medium,Absent258,Rubesse,UNITED KINGDOM,Oval - long,Red,Cream,Shallow - medium,Smooth,Pink,Intermediate,Medium - tall,-259,Rudolph,UNITED KINGDOM,-,Red,-,-,-,Pink,Early Maincrop,Medium - tall,Medium260,Russet Burbank,UNITED STATES,Long,Cream,White,Deep,Medium,Pink,Intermediate,Tall,Absent261,Safari,-,Short - oval,Yellow,Light yellow,Very shallow - shallow,Medium,-,Maincrop,Medium,Medium262,Safiyah,UNITED KINGDOM,Oval,White,Light yellow,Shallow,-,Pink,Early to intermediate,Short - medium,Few263,Sagitta,NETHERLANDS,-,-,-,-,-,-,-,-,-264,Sandpiper,UNITED STATES,Short - oval,White,Light yellow,Shallow - medium,Smooth,Pink,Intermediate,Short,Absent265,Sante,-,Short - oval,Cream,Light yellow,Shallow - medium,Smooth,Pink,Early to intermediate,Medium,Absent266,Saphire,NETHERLANDS,Short - oval,White,-,Shallow,-,Pink,Early Maincrop,-,-267,Sarpo Gwyn,UNITED KINGDOM,Oval,White,Cream,Shallow,-,Pink,Very late,Tall,-268,Sarpo Mira,UNITED KINGDOM,Oval - long,Red,White,Shallow - medium,Smooth,Pink,Very late,-,Few269,Sarpo Shona,UNITED KINGDOM,Oval,White,Cream,Shallow - medium,-,Pink,Late,Medium,-270,Sarpo Una,UNITED KINGDOM,Oval - long,Red,White,Very shallow - shallow,-,Pink,Early,Medium,-271,Sassy,FRANCE,Oval,White,-,Shallow - medium,-,Blue,Maincrop,Medium,-272,Saturna,UNITED KINGDOM,Short - oval,Cream,Medium yellow,Medium - deep,Medium,Pink,Intermediate,Medium,Many273,Savanna,IRELAND,Oval,Cream,White,Shallow,Smooth,Pink,Maincrop,Medium,Few274,Saxon,UNITED KINGDOM,Oval,White,Cream,Shallow,Smooth,Pink,Early,Short - medium,Absent275,Scapa,-,Oval - long,Yellow,Deep yellow,Shallow - medium,-,Blue,Maincrop,-,-276,Sebastian,UNITED KINGDOM,Oval - long,Red parti-coloured,Cream,Shallow - medium,Medium,Pink,Intermediate,Tall,Absent277,Setanta,IRELAND,Oval,Red,Medium yellow,Shallow,Medium,Pink,Maincrop,Medium - tall,Medium278,Shannon,IRELAND,Oval,Red,White,Shallow,Smooth,Pink,Intermediate to late,Medium - tall,Few279,Sharpe's Express,-,Oval - long,White,Cream,Shallow,Smooth,Violet,First Early,Medium,Absent280,Shelford,UNITED STATES,Short - oval,White,Medium yellow,Shallow - medium,Smooth,Pink,Intermediate,Medium,Absent281,Shepody,CANADA,Long,Cream,Cream,Shallow - medium,Medium,Pink,Early,Tall,Absent282,Sierra,UNITED KINGDOM,Short - oval,White,Cream,Shallow - medium,Smooth,Blue,Intermediate,Short - medium,Medium283,Sifra,-,Oval,Yellow,Cream,-,Medium,-,Late Maincrop,-,-284,Slaney,IRELAND,Oval,White,White,Shallow,Medium,Pink,Late,Medium,Few285,Smile,-,Oval,Red parti-coloured,Cream,Shallow,Smooth,Pink,Second Early,Very short,Absent286,Smith's Comet,-,Short - oval,White,Light yellow,Medium,Smooth,Pink,Early Maincrop,Medium,Few287,Sofia,UNITED KINGDOM,-,-,-,-,-,-,Second Early,Short - medium,-288,SORRENTO,-,-,Red parti-coloured,Cream,Shallow,-,Pink,Maincrop,-,-289,Sparkle,UNITED KINGDOM,Short - oval,White,Medium yellow,Shallow,Smooth,Pink,Late,Tall,Absent290,Spunta,-,Long,White,Light yellow,Shallow,Medium,Blue,Early,Tall,Absent291,Stemster,UNITED KINGDOM,Oval - long,Red,Light yellow,Shallow,Medium,Pink,Intermediate,Medium - tall,Few292,Strachan,UNITED KINGDOM,Oval,White,Medium yellow,Shallow,-,Blue,Early Maincrop,Medium,-293,Stroma,UNITED KINGDOM,Oval - long,Red,Medium yellow,Very shallow,Smooth,Pink,Early,Short - medium,Few294,Sunita,NETHERLANDS,Short - oval,Yellow,Medium yellow,Shallow,Smooth,-,Second Early,Medium,-295,Sunray,UNITED KINGDOM,Oval - long,White,Light yellow,Very shallow,-,Pink,Late,Tall,-296,Sunrise,UNITED KINGDOM,Short - oval,Red parti-coloured,Light yellow,Shallow - medium,Smooth,Pink,Early Maincrop,Tall,Few297,Sunset,UNITED KINGDOM,Oval - long,Red,Medium yellow,Very shallow - shallow,Smooth,Pink,Very late,Very tall,Few298,Swift,UNITED KINGDOM,Oval,Cream,Cream,Shallow,Smooth,Pink,Very early,Very short,Absent299,Sylvana,UNITED KINGDOM,-,White,-,-,-,-,Early Maincrop,Medium,Medium300,Tabitha,UNITED KINGDOM,Oval - long,White,Light yellow,Medium,-,Pink,Intermediate,Short - medium,-301,Taurus,-,Short - oval,Yellow,Light yellow,Very shallow,-,-,-,-,-302,Toluca,UNITED KINGDOM,-,White,-,-,-,Pink,Early Maincrop,Medium,-303,Tresdale,UNITED KINGDOM,Oval,White,Cream,Very shallow - shallow,-,Pink,Early,Medium,Absent304,Triplo,-,Oval,Yellow,Light yellow,-,Medium,-,Early Maincrop,-,Few305,Trixie,UNITED KINGDOM,Long,Blue parti-coloured,Medium yellow,Shallow,-,Blue,Late,Tall,-306,TX 15231,UNITED STATES,Oval,White,Light yellow,Shallow - medium,Smooth,Pink,Early,Medium,Few307,Tyson,NETHERLANDS,Oval,Cream,Cream,Shallow,Smooth,-,Maincrop,Medium,-308,Ulster Chieftain,-,Short - oval,White,White,Shallow,-,Blue,Very early to early,Short - medium,Absent309,Ulster Prince,-,Oval - long,White,White,Shallow,Smooth,Blue,Early,Short - medium,Absent310,Ulster Sceptre,-,Oval,White,Cream,Medium - deep,Smooth,Pink,Early,Short - medium,Few312,Upmarket,UNITED KINGDOM,Short - oval,Red parti-coloured,Light yellow,Shallow - medium,-,Pink,Intermediate,Medium,-311,Up-to-date,-,Oval,White,Cream,Shallow,Smooth,Pink,Maincrop,Tall,Absent313,Vales Emerald,UNITED KINGDOM,Short - oval,White,Medium yellow,Shallow - medium,Smooth,Pink,Very early,Medium,Few314,Vales Everest,UNITED KINGDOM,Short - oval,Red parti-coloured,Cream,Shallow - medium,Smooth,Pink,Late,Tall,Few315,Vales Sovereign,UNITED KINGDOM,Oval - long,Red parti-coloured,Cream,Shallow - medium,Medium,Pink,Late,Medium,Absent316,Valor,UNITED KINGDOM,Short - oval,White,Cream,Shallow,Smooth,Pink,Intermediate to late,Tall,Many317,Vanessa,-,Oval,Red,Light yellow,Very shallow,Smooth,Pink,Very early,Short - medium,Many318,Venezia,-,-,-,-,-,-,-,Second Early,-,-319,Verity,UNITED KINGDOM,Oval,Red parti-coloured,Cream,Shallow,Smooth,Pink,Intermediate,Tall,Absent320,Victoria,UNITED KINGDOM,Oval - long,Cream,Medium yellow,Shallow,Medium,Pink,Early to intermediate,Medium,Few321,Violetta,GERMANY,Long,Blue,-,Shallow,-,Blue,Intermediate to late,Medium - tall,Medium322,Virgo,UNITED KINGDOM,Oval - long,White,Cream,Shallow - medium,Medium,Pink,Maincrop,-,-323,Vivaldi,UNITED KINGDOM,Oval,Cream,Light yellow,Shallow,Smooth,Pink,Intermediate,-,Absent324,Vizelle,UNITED KINGDOM,Oval,Yellow,Medium yellow,Very shallow,-,Absent,Second Early,Short - medium,-325,Volare,-,Short - oval,Yellow,Light yellow,Very shallow - shallow,-,-,Early Maincrop,-,-326,VR808,-,Round,Yellow,Light yellow,Shallow,-,-,-,-,-327,White Lady,HUNGARY,Short - oval,White,Cream,Shallow - medium,Medium,Pink,Intermediate,Medium,Absent328,Wilja,NETHERLANDS,Oval - long,Yellow,Light yellow,Shallow,Rough,Pink,Early to intermediate,Medium,Few329,Winston,UNITED KINGDOM,Short - oval,White,Cream,Shallow,Smooth,Pink,Very early,Short - medium,Absent330,Wizard,UNITED KINGDOM,Short - oval,White,Cream,Shallow,-,Pink,Maincrop,Medium,-331,Yukon Gold,CANADA,Short - oval,Red parti-coloured,Light yellow,Shallow,Smooth,Pink,Early to intermediate,Very tall,Absent332,Zahov,-,Short - oval,White,Light yellow,Medium,-,Violet,Early to intermediate,Tall,Medium333,Zohar,-,Oval - long,Yellow,Medium yellow,Shallow - medium,-,Absent,Early to intermediate,Short - medium,Many